condition,repetition,fitness,objective_value,capacity_violation,evaluation_count,best_feasible_fitness,n_shakes,shake_events
baseline,1,136225.0,109625.0,14,17724315,,0,[]
baseline,2,131550.0,97350.0,18,15975653,,0,[]
baseline,3,143350.0,111050.0,17,15307771,,0,[]
baseline,4,133000.0,104500.0,15,14735672,,0,[]
baseline,5,144425.0,115925.0,15,13718303,,0,[]
baseline,6,138600.0,110100.0,15,14292289,,0,[]
baseline,7,138975.0,102875.0,19,14413353,,0,[]
baseline,8,130175.0,94075.0,19,15594954,,0,[]
shake,1,137875.0,113175.0,13,15894285,,2,"[(9, 1, 0.5), (11, 2, 0.7)]"
shake,2,141075.0,108775.0,17,15907952,,3,"[(9, 1, 0.5), (11, 2, 0.7), (13, 3, 0.9)]"
shake,3,142200.0,100400.0,22,18504506,,3,"[(10, 1, 0.5), (12, 2, 0.7), (14, 3, 0.9)]"
shake,4,140825.0,100925.0,21,18634174,,0,[]
shake,5,139325.0,112725.0,14,18600289,,1,"[(13, 1, 0.5)]"
shake,6,138075.0,96275.0,22,18510393,,4,"[(9, 1, 0.5), (11, 2, 0.7), (13, 3, 0.9), (15, 4, 0.9)]"
shake,7,143625.0,113225.0,16,18566184,,2,"[(9, 1, 0.5), (11, 2, 0.7)]"
shake,8,135825.0,92125.0,23,18259733,,3,"[(10, 1, 0.5), (12, 2, 0.7), (14, 3, 0.9)]"
