set,gurobi_total_cost,gurobi_upper_bound,gurobi_lower_bound,gurobi_gap,gurobi_is_optimal,gurobi_specialty_mismatch_count,gurobi_transfer_count,gurobi_mixed_room_day_count,gurobi_capacity_violation,heur_melhor_z,heur_melhor_v_cap,heur_execucoes,heur_execucoes_viaveis,n_pd,heur_melhor_rho_cap,heur_melhor_viavel_fitness,heur_bate_gurobi,melhor_horizon_days,melhor_specialty_mismatch_count,melhor_transfer_count,melhor_mixed_room_day_count,melhor_capacity_violation,melhor_occupancy_rate_mean,melhor_occupancy_rate_std,melhor_peak_occupancy_day,melhor_peak_occupancy_patients,melhor_peak_occupancy_total_capacity,melhor_occupancy_rate_ORTHOPEDICS,melhor_occupancy_rate_GENERAL,melhor_occupancy_rate_CARDIOLOGY,melhor_occupancy_rate_SURGERY,melhor_mesma_que_melhor,melhor_peak_occupancy_rate,melhor_min_occupancy_rate,viavel_horizon_days,viavel_specialty_mismatch_count,viavel_transfer_count,viavel_mixed_room_day_count,viavel_capacity_violation,viavel_occupancy_rate_mean,viavel_occupancy_rate_std,viavel_peak_occupancy_day,viavel_peak_occupancy_patients,viavel_peak_occupancy_total_capacity,viavel_occupancy_rate_ORTHOPEDICS,viavel_occupancy_rate_GENERAL,viavel_occupancy_rate_CARDIOLOGY,viavel_occupancy_rate_SURGERY,viavel_mesma_que_melhor,viavel_peak_occupancy_rate,viavel_min_occupancy_rate
1,79300.0,79300.0,22350.00000000043,0.7181588902900324,False,303.0,617.0,242.0,0.0,29350.0,0.0,10,10,1648,0.0,29350.0,True,16,231,74,34,0,0.8583333333333333,0.3268540869524776,1,120,120,0.84375,0.90625,0.8333333333333334,0.8520833333333334,,1.0,0.041666666666666664,16,231,74,34,0,0.8583333333333333,0.3268540869524776,1,120,120,0.84375,0.90625,0.8333333333333334,0.8520833333333334,True,1.0,0.041666666666666664
2,73625.0,73625.0,18000.000000000848,0.7555178268251159,False,232.0,587.0,281.0,0.0,22750.0,0.0,10,10,1613,0.0,22750.0,True,15,179,46,34,0,0.8961111111111111,0.2685238381024274,1,120,120,0.8851851851851852,0.8755555555555556,0.9160493827160494,0.9555555555555556,,1.0,0.21666666666666667,15,179,46,34,0,0.8961111111111111,0.2685238381024274,1,120,120,0.8851851851851852,0.8755555555555556,0.9160493827160494,0.9555555555555556,True,1.0,0.21666666666666667
3,91800.0,91800.0,27400.0,0.7015250544662309,False,441.0,621.0,222.0,0.0,31675.0,0.0,10,10,1618,0.0,31675.0,True,15,278,46,21,0,0.8988888888888888,0.2746959443977037,1,120,120,0.8938271604938272,0.8922222222222222,0.9037037037037036,0.928888888888889,,1.0,0.13333333333333333,15,278,46,21,0,0.8988888888888888,0.2746959443977037,1,120,120,0.8938271604938272,0.8922222222222222,0.9037037037037036,0.928888888888889,True,1.0,0.13333333333333333
4,84525.0,84525.0,23800.000000000025,0.7184265010351963,False,357.0,621.0,237.0,0.0,28475.0,0.0,10,10,1606,0.0,28475.0,True,15,237,55,27,0,0.8922222222222222,0.2828405263943809,1,120,120,0.9111111111111112,0.9196581196581196,0.8793650793650793,0.865079365079365,,1.0,0.14166666666666666,15,237,55,27,0,0.8922222222222222,0.2828405263943809,1,120,120,0.9111111111111112,0.9196581196581196,0.8793650793650793,0.865079365079365,True,1.0,0.14166666666666666
5,89950.0,89950.0,20450.00000000033,0.7726514730405744,False,346.0,786.0,214.0,0.0,25150.0,0.0,10,10,1630,0.0,25150.0,True,15,202,57,28,0,0.9055555555555556,0.2583544997641479,1,120,120,0.9025641025641026,0.9151515151515152,0.8938271604938272,0.9111111111111112,,1.0,0.23333333333333334,15,202,57,28,0,0.9055555555555556,0.2583544997641479,1,120,120,0.9025641025641026,0.9151515151515152,0.8938271604938272,0.9111111111111112,True,1.0,0.23333333333333334
6,69075.0,69075.0,24550.000000000127,0.644589214621786,False,340.0,343.0,239.0,0.0,29575.0,0.0,10,10,1604,0.0,29575.0,True,15,256,39,27,0,0.8911111111111111,0.2882646681255044,1,120,120,0.948148148148148,0.8955555555555557,0.8864197530864197,0.8638888888888889,,1.0,0.08333333333333333,15,256,39,27,0,0.8911111111111111,0.2882646681255044,1,120,120,0.948148148148148,0.8955555555555557,0.8864197530864197,0.8638888888888889,True,1.0,0.08333333333333333
7,83950.0,83950.0,22750.00000000058,0.7290053603335249,False,403.0,465.0,272.0,0.0,27850.0,0.0,10,10,1629,0.0,27850.0,True,15,224,49,40,0,0.905,0.2662855512530832,1,120,120,0.9012345679012346,0.89,0.9666666666666668,0.9174603174603174,,1.0,0.225,15,224,49,40,0,0.905,0.2662855512530832,1,120,120,0.9012345679012346,0.89,0.9666666666666668,0.9174603174603174,True,1.0,0.225
8,88275.0,88275.0,16500.000000000673,0.8130841121495251,False,415.0,685.0,167.0,0.0,20000.0,0.0,10,10,1580,0.0,20000.0,True,15,162,34,28,0,0.8777777777777778,0.298805304760012,1,120,120,0.8583333333333333,0.9111111111111112,0.8603174603174603,0.8606060606060606,,1.0,0.1,15,162,34,28,0,0.8777777777777778,0.298805304760012,1,120,120,0.8583333333333333,0.9111111111111112,0.8603174603174603,0.8606060606060606,True,1.0,0.1
9,92650.0,92650.0,29400.0,0.6826767404209391,False,390.0,698.0,250.0,0.0,33600.0,0.0,10,10,1606,0.0,33600.0,True,15,290,56,24,0,0.8922222222222222,0.2861008682183192,1,120,120,0.8725925925925926,0.9128205128205128,0.9066666666666666,0.8857142857142857,,1.0,0.10833333333333334,15,290,56,24,0,0.8922222222222222,0.2861008682183192,1,120,120,0.8725925925925926,0.9128205128205128,0.9066666666666666,0.8857142857142857,True,1.0,0.10833333333333334
10,86775.0,86775.0,34300.0,0.6047248631518295,False,472.0,331.0,307.0,0.0,39650.0,0.0,10,10,1582,0.0,39650.0,True,15,342,64,30,0,0.8788888888888889,0.2917251577675797,1,120,120,0.8683760683760684,0.8633333333333333,0.9111111111111112,0.9851851851851852,,1.0,0.15,15,342,64,30,0,0.8788888888888889,0.2917251577675797,1,120,120,0.8683760683760684,0.8633333333333333,0.9111111111111112,0.9851851851851852,True,1.0,0.15
