set,gurobi_total_cost,gurobi_upper_bound,gurobi_lower_bound,gurobi_gap,gurobi_is_optimal,heur_melhor_total_cost,heur_melhor_viavel_fitness,heur_bate_gurobi,melhor_horizon_days,melhor_specialty_mismatch_count,melhor_transfer_count,melhor_mixed_room_day_count,melhor_capacity_violation,melhor_occupancy_rate_mean,melhor_occupancy_rate_std,melhor_peak_occupancy_day,melhor_peak_occupancy_patients,melhor_peak_occupancy_total_capacity,melhor_occupancy_rate_GENERAL,melhor_occupancy_rate_ORTHOPEDICS,melhor_occupancy_rate_CARDIOLOGY,melhor_mesma_que_melhor,viavel_horizon_days,viavel_specialty_mismatch_count,viavel_transfer_count,viavel_mixed_room_day_count,viavel_capacity_violation,viavel_occupancy_rate_mean,viavel_occupancy_rate_std,viavel_peak_occupancy_day,viavel_peak_occupancy_patients,viavel_peak_occupancy_total_capacity,viavel_occupancy_rate_GENERAL,viavel_occupancy_rate_ORTHOPEDICS,viavel_occupancy_rate_CARDIOLOGY,viavel_mesma_que_melhor,melhor_occupancy_rate_SURGERY,viavel_occupancy_rate_SURGERY
1,11800.0,11800.0,11050.000000000007,0.0635593220338976,False,11975.0,11975.0,False,15,109,8,9,0,0.9022222222222224,0.2718365375677966,1,30,30,0.8888888888888888,0.9259259259259258,0.9111111111111112,,15,109,8,9,0,0.9022222222222224,0.2718365375677966,1,30,30,0.8888888888888888,0.9259259259259258,0.9111111111111112,True,,
2,11975.0,11975.0,11850.0,0.0104384133611691,False,12125.0,12125.0,False,16,113,6,7,0,0.8520833333333333,0.3296375304292659,1,30,30,0.8392857142857143,0.84375,,,16,113,6,7,0,0.8520833333333333,0.3296375304292659,1,30,30,0.8392857142857143,0.84375,,True,0.9583333333333334,0.9583333333333334
3,9050.0,9050.0,8125.0,0.1022099447513812,False,9150.0,9150.0,False,16,77,8,14,0,0.8666666666666667,0.2948426957448701,1,30,30,0.8666666666666666,0.8333333333333334,0.9166666666666666,,16,77,8,14,0,0.8666666666666667,0.2948426957448701,1,30,30,0.8666666666666666,0.8333333333333334,0.9166666666666666,True,0.9166666666666666,0.9166666666666666
4,5775.0,5775.0,5600.0,0.0303030303030303,False,5900.0,5900.0,False,15,54,4,4,0,0.8888888888888888,0.2748917939558952,1,30,30,0.8933333333333333,0.9333333333333332,0.8444444444444444,,15,54,4,4,0,0.8888888888888888,0.2748917939558952,1,30,30,0.8933333333333333,0.9333333333333332,0.8444444444444444,True,0.9,0.9
5,8525.0,8525.0,8025.0,0.0586510263929618,False,8775.0,8775.0,False,15,71,8,17,0,0.86,0.3260273157100684,1,30,30,0.8277777777777777,0.9222222222222224,0.9333333333333332,,15,71,8,17,0,0.86,0.3260273157100684,1,30,30,0.8277777777777777,0.9222222222222224,0.9333333333333332,True,0.837037037037037,0.837037037037037
6,16250.0,16250.0,15350.00000000002,0.0553846153846141,False,16375.0,16375.0,False,15,152,4,13,0,0.8644444444444445,0.3163377938235383,1,30,30,0.9444444444444444,0.84,0.8444444444444444,,15,152,4,13,0,0.8644444444444445,0.3163377938235383,1,30,30,0.9444444444444444,0.84,0.8444444444444444,True,0.8555555555555556,0.8555555555555556
7,5475.0,5475.0,4800.0,0.1232876712328767,False,5625.0,5625.0,False,15,40,7,17,0,0.8733333333333333,0.3057246498423913,1,30,30,0.9037037037037036,0.8666666666666667,0.8296296296296297,,15,40,7,17,0,0.8733333333333333,0.3057246498423913,1,30,30,0.9037037037037036,0.8666666666666667,0.8296296296296297,True,0.9,0.9
8,11125.0,11125.0,10600.0,0.047191011235955,False,11675.0,11675.0,False,14,100,8,17,0,0.9071428571428573,0.2654283512755236,1,30,30,0.9047619047619048,,0.888888888888889,,14,100,8,17,0,0.9071428571428573,0.2654283512755236,1,30,30,0.9047619047619048,,0.888888888888889,True,0.9761904761904762,0.9761904761904762
9,9275.0,9275.0,9100.0,0.0188679245283018,False,9325.0,9325.0,False,15,82,3,13,0,0.8733333333333333,0.3032756785682566,1,30,30,0.8703703703703703,0.9111111111111112,0.8444444444444444,,15,82,3,13,0,0.8733333333333333,0.3032756785682566,1,30,30,0.8703703703703703,0.9111111111111112,0.8444444444444444,True,,
10,14450.0,14450.0,13950.000000000004,0.0346020761245672,False,14750.0,14750.0,False,15,135,7,12,0,0.8977777777777778,0.2836500839446371,1,30,30,0.8920634920634921,0.9222222222222224,0.888888888888889,,15,135,7,12,0,0.8977777777777778,0.2836500839446371,1,30,30,0.8920634920634921,0.9222222222222224,0.888888888888889,True,,
