condition,repetition,fitness,objective_value,capacity_violation,generations,evaluation_count,best_feasible_fitness,calibrated_fraction,calibration_cost
baseline,1,132900.0,96800.0,19,14,17773434,,,
baseline,2,141600.0,115000.0,14,14,18104536,,,
baseline,3,131300.0,97100.0,18,14,18189079,,,
baseline,4,138225.0,104025.0,18,15,18385781,,,
baseline,5,134575.0,106075.0,15,13,17014759,,,
adaptativo,1,144425.0,104525.0,21,23,10398021,,0.1,3.228353749960661
adaptativo,2,146925.0,120325.0,14,23,10334546,,0.1,3.4672675000038
adaptativo,3,144600.0,108500.0,19,24,10722414,,0.1,3.3169675410026684
adaptativo,4,133550.0,106950.0,14,23,16556331,,0.16666666666666666,2.2442158749327064
adaptativo,5,141350.0,110950.0,16,23,16651038,,0.16666666666666666,2.2078045000089332
