w_cap,repetition,fitness,objective_value,capacity_violation,capacity_cost
200,1,33650.0,32050.0,8,1600
200,2,32400.0,30200.0,11,2200
200,3,33250.0,31850.0,7,1400
400,1,38400.0,37200.0,3,1200
400,2,37100.0,36700.0,1,400
400,3,35925.0,34725.0,3,1200
600,1,38350.0,38350.0,0,0
600,2,39050.0,37250.0,3,1800
600,3,36350.0,35750.0,1,600
800,1,40475.0,38875.0,2,1600
800,2,38275.0,36675.0,2,1600
800,3,39600.0,38000.0,2,1600
1000,1,41200.0,40200.0,1,1000
1000,2,39650.0,38650.0,1,1000
1000,3,39650.0,38650.0,1,1000
1400,1,42450.0,41050.0,1,1400
1400,2,42500.0,39700.0,2,2800
1400,3,43250.0,41850.0,1,1400
1900,1,38150.0,36250.0,1,1900
1900,2,38250.0,38250.0,0,0
1900,3,40350.0,38450.0,1,1900
2500,1,42000.0,39500.0,1,2500
2500,2,41975.0,39475.0,1,2500
2500,3,42950.0,37950.0,2,5000
3300,1,45025.0,41725.0,1,3300
3300,2,42050.0,42050.0,0,0
3300,3,40200.0,40200.0,0,0
5000,1,44925.0,39925.0,1,5000
5000,2,46300.0,41300.0,1,5000
5000,3,41750.0,41750.0,0,0
