w_cap,fitness_mean,fitness_std,objective_value_mean,objective_value_std,capacity_violation_mean,capacity_violation_std
200,33100.0,638.3572667401852,31366.666666666668,1015.2996273678689,8.666666666666666,2.0816659994661326
400,37141.666666666664,1238.0259824952518,36208.333333333336,1308.7048304844502,2.3333333333333335,1.1547005383792515
600,37916.666666666664,1401.1899704655802,37116.666666666664,1305.1181300301262,1.3333333333333333,1.5275252316519468
800,39450.0,1107.6438958437861,37850.0,1107.6438958437861,2.0,0.0
1000,40166.666666666664,894.8929172439199,39166.666666666664,894.8929172439199,1.0,0.0
1400,42733.333333333336,448.1443219916251,40866.666666666664,1086.6615541802025,1.3333333333333333,0.5773502691896257
1900,38916.666666666664,1242.3096769056149,37650.0,1216.552506059644,0.6666666666666666,0.5773502691896257
2500,42308.333333333336,555.8402048550764,38975.0,887.7640452282352,1.3333333333333333,0.5773502691896257
3300,42425.0,2434.260668046871,41325.0,987.7373132569205,0.3333333333333333,0.5773502691896257
5000,44325.0,2333.586295811663,40991.666666666664,950.7672340448704,0.6666666666666666,0.5773502691896257
