iteration,generation,best_fitness
1,0,2142775.0
1,1,476025.0
1,2,379925.0
1,3,332425.0
1,4,305725.0
1,5,284000.0
1,6,269950.0
1,7,261600.0
1,8,253125.0
2,0,2092075.0
2,1,474675.0
2,2,370625.0
2,3,317750.0
2,4,300250.0
2,5,285950.0
2,6,269975.0
2,7,260600.0
2,8,256050.0
3,0,2114200.0
3,1,472575.0
3,2,378400.0
3,3,329600.0
3,4,310225.0
3,5,286175.0
3,6,273575.0
3,7,260775.0
3,8,259125.0
4,0,2146025.0
4,1,474850.0
4,2,380425.0
4,3,331075.0
4,4,304400.0
4,5,288500.0
4,6,274075.0
4,7,261650.0
4,8,256050.0
5,0,2132950.0
5,1,460650.0
5,2,379125.0
5,3,330250.0
5,4,302975.0
5,5,287375.0
5,6,274400.0
5,7,264575.0
5,8,260100.0
