iteration,specialty_cost,transfer_cost,gender_cost,capacity_cost,initial_fitness,total_cost,runtime_seconds,evaluation_count,best_feasible_fitness,best_feasible_generation
1,10000.0,400.0,1275.0,0,50275.0,11675.0,30,2278857,11675.0,8
2,10000.0,1000.0,1350.0,0,43350.0,12350.0,30,2294788,12350.0,5
3,10000.0,700.0,1350.0,0,54025.0,12050.0,30,2274676,12050.0,16
4,10000.0,500.0,1350.0,0,45050.0,11850.0,30,2264253,11850.0,13
5,10000.0,900.0,900.0,0,34575.0,11800.0,30,2286547,11800.0,22
6,10000.0,800.0,1500.0,0,54675.0,12300.0,30,2283176,12300.0,10
7,10000.0,900.0,1125.0,0,56600.0,12025.0,30,2288328,12025.0,9
8,10000.0,500.0,1275.0,0,35475.0,11775.0,30,2288377,11775.0,13
9,10000.0,550.0,1425.0,0,54575.0,11975.0,30,2263251,11975.0,5
10,10000.0,550.0,1350.0,0,48075.0,11900.0,30,2287063,11900.0,7
