room_id,capacity,specialty
1,3,SURGERY
2,3,ORTHOPEDICS
3,3,CARDIOLOGY
4,3,SURGERY
5,3,CARDIOLOGY
6,3,CARDIOLOGY
7,3,GENERAL
8,3,CARDIOLOGY
9,3,GENERAL
10,3,ORTHOPEDICS
11,3,GENERAL
12,3,GENERAL
13,3,ORTHOPEDICS
14,3,SURGERY
15,3,GENERAL
16,3,GENERAL
17,3,GENERAL
18,3,SURGERY
19,3,CARDIOLOGY
20,3,CARDIOLOGY
21,3,GENERAL
22,3,CARDIOLOGY
23,3,GENERAL
24,3,CARDIOLOGY
25,3,SURGERY
26,3,CARDIOLOGY
27,3,SURGERY
28,3,ORTHOPEDICS
29,3,GENERAL
30,3,ORTHOPEDICS
31,3,GENERAL
32,3,ORTHOPEDICS
33,3,ORTHOPEDICS
34,3,CARDIOLOGY
35,3,ORTHOPEDICS
36,3,GENERAL
37,3,SURGERY
38,3,GENERAL
39,3,GENERAL
40,3,GENERAL
41,3,ORTHOPEDICS
42,3,GENERAL
43,3,SURGERY
44,3,GENERAL
45,3,GENERAL
46,3,ORTHOPEDICS
47,3,GENERAL
48,3,GENERAL
49,3,SURGERY
50,3,GENERAL
51,3,SURGERY
52,3,GENERAL
53,3,SURGERY
54,3,SURGERY
55,3,CARDIOLOGY
56,3,GENERAL
57,3,SURGERY
58,3,ORTHOPEDICS
59,3,GENERAL
60,3,SURGERY
61,3,GENERAL
62,3,GENERAL
63,3,SURGERY
64,3,SURGERY
65,3,GENERAL
66,3,SURGERY
67,3,ORTHOPEDICS
68,3,SURGERY
69,3,ORTHOPEDICS
70,3,GENERAL
71,3,SURGERY
72,3,GENERAL
73,3,ORTHOPEDICS
74,3,GENERAL
75,3,SURGERY
76,3,CARDIOLOGY
77,3,CARDIOLOGY
78,3,ORTHOPEDICS
79,3,SURGERY
80,3,ORTHOPEDICS
81,3,GENERAL
82,3,GENERAL
83,3,GENERAL
84,3,GENERAL
85,3,GENERAL
86,3,GENERAL
87,3,ORTHOPEDICS
88,3,CARDIOLOGY
89,3,GENERAL
90,3,SURGERY
91,3,SURGERY
92,3,CARDIOLOGY
93,3,GENERAL
94,3,GENERAL
95,3,CARDIOLOGY
96,3,GENERAL
97,3,GENERAL
98,3,CARDIOLOGY
99,3,ORTHOPEDICS
100,3,ORTHOPEDICS
101,3,ORTHOPEDICS
102,3,SURGERY
103,3,SURGERY
104,3,GENERAL
105,3,SURGERY
106,3,GENERAL
107,3,GENERAL
108,3,ORTHOPEDICS
109,3,ORTHOPEDICS
110,3,ORTHOPEDICS
111,3,GENERAL
112,3,GENERAL
113,3,ORTHOPEDICS
114,3,GENERAL
115,3,ORTHOPEDICS
116,3,GENERAL
117,3,ORTHOPEDICS
118,3,ORTHOPEDICS
119,3,GENERAL
120,3,GENERAL
121,3,ORTHOPEDICS
122,3,GENERAL
123,3,GENERAL
124,3,GENERAL
125,3,CARDIOLOGY
126,3,SURGERY
127,3,SURGERY
128,3,SURGERY
129,3,GENERAL
130,3,SURGERY
131,3,GENERAL
132,3,CARDIOLOGY
133,3,CARDIOLOGY
134,3,CARDIOLOGY
135,3,GENERAL
136,3,CARDIOLOGY
137,3,GENERAL
138,3,GENERAL
139,3,CARDIOLOGY
140,3,SURGERY
141,3,GENERAL
142,3,GENERAL
143,3,SURGERY
144,3,CARDIOLOGY
145,3,SURGERY
146,3,GENERAL
147,3,ORTHOPEDICS
148,3,GENERAL
149,3,GENERAL
150,3,SURGERY
151,3,GENERAL
152,3,ORTHOPEDICS
153,3,SURGERY
154,3,GENERAL
155,3,SURGERY
156,3,ORTHOPEDICS
157,3,CARDIOLOGY
158,3,SURGERY
159,3,CARDIOLOGY
160,3,GENERAL
161,3,CARDIOLOGY
162,3,GENERAL
163,3,CARDIOLOGY
164,3,GENERAL
165,3,SURGERY
166,3,GENERAL
167,3,SURGERY
168,3,SURGERY
169,3,CARDIOLOGY
170,3,GENERAL
171,3,GENERAL
172,3,ORTHOPEDICS
173,3,ORTHOPEDICS
174,3,GENERAL
175,3,SURGERY
176,3,GENERAL
177,3,ORTHOPEDICS
178,3,SURGERY
179,3,CARDIOLOGY
180,3,CARDIOLOGY
181,3,ORTHOPEDICS
182,3,GENERAL
183,3,SURGERY
184,3,GENERAL
185,3,CARDIOLOGY
186,3,GENERAL
187,3,SURGERY
188,3,GENERAL
189,3,GENERAL
190,3,GENERAL
191,3,ORTHOPEDICS
192,3,SURGERY
193,3,CARDIOLOGY
194,3,GENERAL
195,3,SURGERY
196,3,GENERAL
197,3,SURGERY
198,3,GENERAL
199,3,ORTHOPEDICS
200,3,CARDIOLOGY
201,3,ORTHOPEDICS
202,3,GENERAL
203,3,GENERAL
204,3,CARDIOLOGY
205,3,GENERAL
206,3,CARDIOLOGY
207,3,GENERAL
208,3,GENERAL
209,3,GENERAL
210,3,SURGERY
211,3,GENERAL
212,3,CARDIOLOGY
213,3,GENERAL
214,3,SURGERY
215,3,GENERAL
216,3,GENERAL
217,3,SURGERY
218,3,GENERAL
219,3,SURGERY
220,3,ORTHOPEDICS
221,3,GENERAL
222,3,ORTHOPEDICS
223,3,CARDIOLOGY
224,3,GENERAL
225,3,GENERAL
226,3,ORTHOPEDICS
227,3,SURGERY
228,3,GENERAL
229,3,SURGERY
230,3,ORTHOPEDICS
231,3,CARDIOLOGY
232,3,CARDIOLOGY
233,3,GENERAL
234,3,GENERAL
235,3,SURGERY
236,3,CARDIOLOGY
237,3,CARDIOLOGY
238,3,GENERAL
239,3,SURGERY
240,3,ORTHOPEDICS
241,3,GENERAL
242,3,GENERAL
243,3,GENERAL
244,3,CARDIOLOGY
245,3,CARDIOLOGY
246,3,SURGERY
247,3,SURGERY
248,3,GENERAL
249,3,ORTHOPEDICS
250,3,ORTHOPEDICS
251,3,CARDIOLOGY
252,3,CARDIOLOGY
253,3,CARDIOLOGY
254,3,SURGERY
255,3,CARDIOLOGY
256,3,SURGERY
257,3,ORTHOPEDICS
258,3,GENERAL
259,3,SURGERY
260,3,ORTHOPEDICS
261,3,CARDIOLOGY
262,3,GENERAL
263,3,CARDIOLOGY
264,3,ORTHOPEDICS
265,3,CARDIOLOGY
266,3,SURGERY
267,3,SURGERY
268,3,GENERAL
269,3,GENERAL
270,3,ORTHOPEDICS
271,3,ORTHOPEDICS
272,3,CARDIOLOGY
273,3,GENERAL
274,3,ORTHOPEDICS
275,3,GENERAL
276,3,ORTHOPEDICS
277,3,SURGERY
278,3,ORTHOPEDICS
279,3,SURGERY
280,3,CARDIOLOGY
281,3,SURGERY
282,3,GENERAL
283,3,ORTHOPEDICS
284,3,CARDIOLOGY
285,3,SURGERY
286,3,GENERAL
287,3,GENERAL
288,3,SURGERY
289,3,CARDIOLOGY
290,3,GENERAL
291,3,CARDIOLOGY
292,3,GENERAL
293,3,CARDIOLOGY
294,3,ORTHOPEDICS
295,3,SURGERY
296,3,GENERAL
297,3,SURGERY
298,3,CARDIOLOGY
299,3,GENERAL
300,3,SURGERY
301,3,GENERAL
302,3,ORTHOPEDICS
303,3,SURGERY
304,3,ORTHOPEDICS
305,3,ORTHOPEDICS
306,3,CARDIOLOGY
307,3,SURGERY
308,3,GENERAL
309,3,ORTHOPEDICS
310,3,GENERAL
311,3,GENERAL
312,3,SURGERY
313,3,ORTHOPEDICS
314,3,GENERAL
315,3,SURGERY
316,3,ORTHOPEDICS
317,3,GENERAL
318,3,ORTHOPEDICS
319,3,SURGERY
320,3,SURGERY
321,3,CARDIOLOGY
322,3,GENERAL
323,3,ORTHOPEDICS
324,3,CARDIOLOGY
325,3,GENERAL
326,3,GENERAL
327,3,CARDIOLOGY
328,3,GENERAL
329,3,SURGERY
330,3,ORTHOPEDICS
331,3,GENERAL
332,3,ORTHOPEDICS
333,3,ORTHOPEDICS
334,3,GENERAL
335,3,GENERAL
336,3,CARDIOLOGY
337,3,SURGERY
338,3,ORTHOPEDICS
339,3,SURGERY
340,3,ORTHOPEDICS
341,3,GENERAL
342,3,ORTHOPEDICS
343,3,GENERAL
344,3,SURGERY
345,3,CARDIOLOGY
346,3,SURGERY
347,3,ORTHOPEDICS
348,3,GENERAL
349,3,GENERAL
350,3,ORTHOPEDICS
351,3,CARDIOLOGY
352,3,GENERAL
353,3,CARDIOLOGY
354,3,CARDIOLOGY
355,3,GENERAL
356,3,SURGERY
357,3,CARDIOLOGY
358,3,CARDIOLOGY
359,3,GENERAL
360,3,CARDIOLOGY
361,3,GENERAL
362,3,GENERAL
363,3,GENERAL
364,3,ORTHOPEDICS
365,3,ORTHOPEDICS
366,3,CARDIOLOGY
367,3,ORTHOPEDICS
368,3,GENERAL
369,3,GENERAL
370,3,SURGERY
371,3,SURGERY
372,3,ORTHOPEDICS
373,3,ORTHOPEDICS
374,3,SURGERY
375,3,SURGERY
376,3,CARDIOLOGY
377,3,ORTHOPEDICS
378,3,CARDIOLOGY
379,3,CARDIOLOGY
380,3,GENERAL
381,3,GENERAL
382,3,SURGERY
383,3,CARDIOLOGY
384,3,GENERAL
385,3,CARDIOLOGY
386,3,ORTHOPEDICS
387,3,GENERAL
388,3,ORTHOPEDICS
389,3,GENERAL
390,3,GENERAL
391,3,CARDIOLOGY
392,3,GENERAL
393,3,CARDIOLOGY
394,3,SURGERY
395,3,CARDIOLOGY
396,3,GENERAL
397,3,SURGERY
398,3,ORTHOPEDICS
399,3,ORTHOPEDICS
400,3,ORTHOPEDICS
401,3,SURGERY
402,3,ORTHOPEDICS
403,3,CARDIOLOGY
404,3,GENERAL
405,3,CARDIOLOGY
406,3,GENERAL
407,3,SURGERY
408,3,ORTHOPEDICS
409,3,GENERAL
410,3,ORTHOPEDICS
411,3,GENERAL
412,3,CARDIOLOGY
413,3,CARDIOLOGY
414,3,CARDIOLOGY
415,3,CARDIOLOGY
416,3,SURGERY
417,3,SURGERY
418,3,GENERAL
419,3,GENERAL
420,3,GENERAL
421,3,GENERAL
422,3,GENERAL
423,3,SURGERY
424,3,CARDIOLOGY
425,3,CARDIOLOGY
426,3,GENERAL
427,3,ORTHOPEDICS
428,3,GENERAL
429,3,GENERAL
430,3,GENERAL
431,3,GENERAL
432,3,GENERAL
433,3,GENERAL
434,3,GENERAL
435,3,GENERAL
436,3,GENERAL
437,3,CARDIOLOGY
438,3,SURGERY
439,3,CARDIOLOGY
440,3,CARDIOLOGY
441,3,GENERAL
442,3,ORTHOPEDICS
443,3,GENERAL
444,3,GENERAL
445,3,CARDIOLOGY
446,3,ORTHOPEDICS
447,3,GENERAL
448,3,ORTHOPEDICS
449,3,GENERAL
450,3,ORTHOPEDICS
451,3,ORTHOPEDICS
452,3,GENERAL
453,3,SURGERY
454,3,SURGERY
455,3,SURGERY
456,3,CARDIOLOGY
457,3,GENERAL
458,3,SURGERY
459,3,SURGERY
460,3,CARDIOLOGY
461,3,GENERAL
462,3,GENERAL
463,3,GENERAL
464,3,CARDIOLOGY
465,3,GENERAL
466,3,GENERAL
467,3,SURGERY
468,3,GENERAL
469,3,ORTHOPEDICS
470,3,GENERAL
471,3,CARDIOLOGY
472,3,GENERAL
473,3,GENERAL
474,3,GENERAL
475,3,CARDIOLOGY
476,3,SURGERY
477,3,SURGERY
478,3,CARDIOLOGY
479,3,CARDIOLOGY
480,3,ORTHOPEDICS
481,3,CARDIOLOGY
482,3,ORTHOPEDICS
483,3,CARDIOLOGY
484,3,ORTHOPEDICS
485,3,SURGERY
486,3,ORTHOPEDICS
487,3,GENERAL
488,3,SURGERY
489,3,GENERAL
490,3,ORTHOPEDICS
491,3,ORTHOPEDICS
492,3,SURGERY
493,3,GENERAL
494,3,SURGERY
495,3,SURGERY
496,3,GENERAL
497,3,GENERAL
498,3,GENERAL
499,3,CARDIOLOGY
500,3,SURGERY
501,3,SURGERY
502,3,SURGERY
503,3,CARDIOLOGY
504,3,ORTHOPEDICS
505,3,GENERAL
506,3,GENERAL
507,3,GENERAL
508,3,SURGERY
509,3,SURGERY
510,3,CARDIOLOGY
511,3,GENERAL
512,3,GENERAL
513,3,SURGERY
514,3,GENERAL
515,3,CARDIOLOGY
516,3,ORTHOPEDICS
517,3,SURGERY
518,3,CARDIOLOGY
519,3,GENERAL
520,3,CARDIOLOGY
521,3,ORTHOPEDICS
522,3,CARDIOLOGY
523,3,ORTHOPEDICS
524,3,ORTHOPEDICS
525,3,GENERAL
526,3,CARDIOLOGY
527,3,ORTHOPEDICS
528,3,SURGERY
529,3,GENERAL
530,3,GENERAL
531,3,ORTHOPEDICS
532,3,SURGERY
533,3,SURGERY
534,3,SURGERY
535,3,GENERAL
536,3,CARDIOLOGY
537,3,GENERAL
538,3,SURGERY
539,3,CARDIOLOGY
540,3,CARDIOLOGY
541,3,ORTHOPEDICS
542,3,ORTHOPEDICS
543,3,CARDIOLOGY
544,3,GENERAL
545,3,ORTHOPEDICS
546,3,GENERAL
547,3,ORTHOPEDICS
548,3,GENERAL
549,3,GENERAL
550,3,SURGERY
551,3,GENERAL
552,3,GENERAL
553,3,ORTHOPEDICS
554,3,SURGERY
555,3,CARDIOLOGY
556,3,CARDIOLOGY
557,3,SURGERY
558,3,CARDIOLOGY
559,3,GENERAL
560,3,ORTHOPEDICS
561,3,GENERAL
562,3,CARDIOLOGY
563,3,SURGERY
564,3,GENERAL
565,3,GENERAL
566,3,GENERAL
567,3,CARDIOLOGY
568,3,CARDIOLOGY
569,3,CARDIOLOGY
570,3,CARDIOLOGY
571,3,GENERAL
572,3,GENERAL
573,3,ORTHOPEDICS
574,3,ORTHOPEDICS
575,3,CARDIOLOGY
576,3,GENERAL
577,3,GENERAL
578,3,ORTHOPEDICS
579,3,GENERAL
580,3,ORTHOPEDICS
581,3,SURGERY
582,3,GENERAL
583,3,ORTHOPEDICS
584,3,SURGERY
585,3,CARDIOLOGY
586,3,GENERAL
587,3,CARDIOLOGY
588,3,GENERAL
589,3,GENERAL
590,3,GENERAL
591,3,ORTHOPEDICS
592,3,GENERAL
593,3,CARDIOLOGY
594,3,GENERAL
595,3,ORTHOPEDICS
596,3,ORTHOPEDICS
597,3,GENERAL
598,3,SURGERY
599,3,GENERAL
600,3,ORTHOPEDICS
601,3,ORTHOPEDICS
602,3,GENERAL
603,3,GENERAL
604,3,GENERAL
605,3,GENERAL
606,3,GENERAL
607,3,ORTHOPEDICS
608,3,SURGERY
609,3,CARDIOLOGY
610,3,ORTHOPEDICS
611,3,SURGERY
612,3,CARDIOLOGY
613,3,GENERAL
614,3,SURGERY
615,3,GENERAL
616,3,CARDIOLOGY
617,3,CARDIOLOGY
618,3,GENERAL
619,3,GENERAL
620,3,ORTHOPEDICS
621,3,CARDIOLOGY
622,3,SURGERY
623,3,GENERAL
624,3,ORTHOPEDICS
625,3,SURGERY
626,3,GENERAL
627,3,GENERAL
628,3,SURGERY
629,3,ORTHOPEDICS
630,3,CARDIOLOGY
631,3,SURGERY
632,3,ORTHOPEDICS
633,3,GENERAL
634,3,GENERAL
635,3,GENERAL
636,3,GENERAL
637,3,GENERAL
638,3,SURGERY
639,3,ORTHOPEDICS
640,3,SURGERY
