patient_id,gender,admission_day,los,required_specialty
1,M,7,4,SURGERY
2,F,1,5,GENERAL
3,F,6,4,GENERAL
4,M,6,4,CARDIOLOGY
5,F,10,3,CARDIOLOGY
6,M,10,3,GENERAL
7,F,6,4,ORTHOPEDICS
8,F,9,3,GENERAL
9,M,6,4,GENERAL
10,F,10,3,GENERAL
11,F,6,4,ORTHOPEDICS
12,M,6,4,CARDIOLOGY
13,M,13,2,GENERAL
14,F,1,5,ORTHOPEDICS
15,M,12,2,SURGERY
16,M,9,3,GENERAL
17,F,5,4,GENERAL
18,M,6,4,CARDIOLOGY
19,F,7,4,ORTHOPEDICS
20,F,1,6,ORTHOPEDICS
21,F,10,3,CARDIOLOGY
22,F,1,4,GENERAL
23,F,11,2,SURGERY
24,M,6,4,GENERAL
25,F,13,1,CARDIOLOGY
26,F,1,5,ORTHOPEDICS
27,F,13,1,ORTHOPEDICS
28,M,1,6,GENERAL
29,F,1,4,GENERAL
30,F,6,4,ORTHOPEDICS
31,M,11,2,GENERAL
32,F,7,4,ORTHOPEDICS
33,F,10,3,GENERAL
34,F,6,4,GENERAL
35,M,6,4,GENERAL
36,M,1,5,GENERAL
37,F,7,4,CARDIOLOGY
38,F,6,4,GENERAL
39,M,10,3,SURGERY
40,M,1,6,GENERAL
41,F,10,3,SURGERY
42,F,1,4,GENERAL
43,M,6,4,ORTHOPEDICS
44,M,1,5,SURGERY
45,M,12,2,CARDIOLOGY
46,F,12,2,SURGERY
47,F,11,3,GENERAL
48,F,7,4,GENERAL
49,F,1,5,GENERAL
50,M,6,4,CARDIOLOGY
51,M,10,3,GENERAL
52,F,13,2,GENERAL
53,M,11,3,GENERAL
54,M,6,4,ORTHOPEDICS
55,M,1,6,ORTHOPEDICS
56,M,10,3,ORTHOPEDICS
57,F,1,5,GENERAL
58,M,1,5,CARDIOLOGY
59,M,5,4,GENERAL
60,F,1,5,ORTHOPEDICS
61,F,11,3,ORTHOPEDICS
62,F,10,3,CARDIOLOGY
63,M,1,5,GENERAL
64,M,10,3,ORTHOPEDICS
65,F,9,3,ORTHOPEDICS
66,M,1,6,GENERAL
67,F,7,4,GENERAL
68,F,9,4,SURGERY
69,M,7,4,SURGERY
70,F,10,3,GENERAL
71,M,10,3,GENERAL
72,M,1,5,GENERAL
73,M,6,4,CARDIOLOGY
74,M,1,5,CARDIOLOGY
75,F,1,4,SURGERY
76,F,10,3,CARDIOLOGY
77,M,5,4,GENERAL
78,M,10,3,GENERAL
79,M,6,4,GENERAL
80,M,7,4,SURGERY
81,M,13,2,SURGERY
82,M,10,3,GENERAL
83,M,13,2,GENERAL
84,F,11,3,SURGERY
85,M,1,5,SURGERY
86,F,11,3,GENERAL
87,F,1,6,CARDIOLOGY
88,F,1,5,GENERAL
89,F,1,6,GENERAL
90,F,10,3,SURGERY
91,M,5,4,SURGERY
92,M,13,2,SURGERY
93,M,11,3,CARDIOLOGY
94,M,1,5,ORTHOPEDICS
95,F,1,6,GENERAL
96,M,1,5,ORTHOPEDICS
97,M,1,6,CARDIOLOGY
98,F,1,5,ORTHOPEDICS
99,M,11,2,GENERAL
100,F,7,4,GENERAL
