set,gurobi_total_cost,gurobi_upper_bound,gurobi_lower_bound,gurobi_gap,gurobi_is_optimal,heur_melhor_total_cost,heur_bate_gurobi,melhor_horizon_days,melhor_specialty_mismatch_count,melhor_transfer_count,melhor_mixed_room_day_count,melhor_capacity_violation,melhor_occupancy_rate_mean,melhor_occupancy_rate_std,melhor_peak_occupancy_day,melhor_peak_occupancy_patients,melhor_peak_occupancy_total_capacity,melhor_occupancy_rate_CARDIOLOGY,melhor_occupancy_rate_ORTHOPEDICS,melhor_occupancy_rate_SURGERY,melhor_occupancy_rate_GENERAL
1,3273725.0,3273725.0,0.0,1.0,False,231050.0,True,15,958,1137,488,22,0.8856597222222222,0.2861010464811314,1,1920,1920,0.8815896188158963,0.8846090534979424,0.8849002849002849,0.8888003541389996
2,3276950.0,3276950.0,0.0,1.0,False,265150.0,True,15,1061,1391,560,25,0.8918402777777777,0.283434835037591,1,1920,1920,0.8917948717948718,0.8980902777777777,0.8794117647058823,0.895483288166215
3,3295100.0,3295100.0,0.0,1.0,False,265575.0,True,15,1122,1253,551,26,0.8904513888888889,0.2839219356069283,1,1920,1920,0.8745712155108128,0.8847222222222223,0.892896174863388,0.9020746887966804
4,3289725.0,3289725.0,0.0,1.0,False,282750.0,True,15,1249,1324,538,27,0.8943055555555556,0.2791251944983061,1,1920,1920,0.8857142857142857,0.8946360153256705,0.9028735632183909,0.8949419568822553
5,3272475.0,3272475.0,0.0,1.0,False,256875.0,True,15,1084,1319,543,22,0.8908333333333334,0.2852685626157294,1,1920,1920,0.8812091503267975,0.9023741690408358,0.8909886264216973,0.8905982905982907
6,3257200.0,3257200.0,0.0,1.0,False,219950.0,True,15,865,1135,516,20,0.8863541666666667,0.2863776335184699,1,1920,1920,0.8902670111972438,0.8785529715762274,0.8978524743230626,0.8830587241233628
7,3284350.0,3284350.0,0.0,1.0,False,252850.0,True,15,980,1269,560,26,0.8888888888888888,0.2842725574805366,1,1920,1920,0.8805346700083543,0.8951111111111111,0.8837860082304527,0.8930274403958615
8,3261000.0,3261000.0,0.0,1.0,False,231950.0,True,15,860,1167,560,24,0.88625,0.2880894111060402,1,1920,1920,0.8867891513560805,0.8885389326334209,0.8863826232247285,0.8847606499780413
9,3297800.0,3297800.0,0.0,1.0,False,311075.0,True,15,1538,1240,561,28,0.8924652777777777,0.281090098590742,1,1920,1920,0.896171802054155,0.874800290486565,0.8912457912457913,0.9027306967984934
10,3263375.0,3263375.0,0.0,1.0,False,253125.0,True,15,1109,1163,513,24,0.8821875,0.2911215009819267,1,1920,1920,0.8848324514991182,0.8622516556291391,0.8858757062146893,0.8913378684807256
