condition,repetition,population_size,generations,fitness,objective_value,capacity_violation,evaluation_count,best_feasible_fitness
fixo,1,30,11,65125.0,59425.0,3,16494772,
fixo,2,30,9,67250.0,63450.0,2,13211481,
fixo,3,30,9,68225.0,60625.0,4,12775753,
fixo,4,30,9,69875.0,62275.0,4,13086952,
fixo,5,30,9,70375.0,62775.0,4,13214592,
escalado,1,480,1,181700.0,111400.0,37,12620845,
escalado,2,480,1,180275.0,121375.0,31,12489834,
escalado,3,480,1,171950.0,111150.0,32,12060122,
escalado,4,480,1,174500.0,117500.0,30,11850655,
escalado,5,480,1,184900.0,124100.0,32,11729696,
